"Matrix","RhsMode","DofsPerNode","CoarseTarget","Checkpoint","SegmentIterations","TotalIterations","SegmentRatio","EquivReferenceRatio","PerIterationRho","RelativeResidual","Status","PoorAtReferenceRate"
"nd3k","A*1","1","1536","12","12","12","0.01847808591","0.01847808591","0.7170587645","0.01847808591","MaxIterations","False"
"nd3k","A*1","1","1536","24","12","24","0.2813391712","0.2813391712","0.8997099367","0.005198609376","MaxIterations","False"
"nd3k","A*1","1","1536","48","24","48","0.2473749021","0.4973679746","0.9434592601","0.001286005486","MaxIterations","False"
"nd3k","A*1","1","1536","96","48","96","0.2387660539","0.6990257039","0.9706018069","0.0003070544551","MaxIterations","True"
"nd3k","A*1","1","1536","192","96","192","0.2454107052","0.8389511775","0.9854729864","7.535445037E-05","MaxIterations","True"
"nd3k","A*1","1","1536","384","192","384","0.2338065473","0.9131740086","0.9924595044","1.761836386E-05","MaxIterations","True"
"nd3k","A*1","1","1536","768","384","768","0.1774332309","0.9473977359","0.9955071002","3.126083224E-06","MaxIterations","True"
"nd3k","A*1","1","1536","1536","768","1536","0.07991876808","0.9612888107","0.9967153742","2.498327202E-07","MaxIterations","True"
"nd3k","A*1","1","1536","3000","1464","3000","1.270838606","1.001966497","1.000163727","3.174970659E-07","MaxIterations","True"
"s3dkq4m2","A*1","1","1536","12","12","12","0.005043450424","0.005043450424","0.6435179217","0.005043450424","MaxIterations","False"
"s3dkq4m2","A*1","1","1536","24","12","24","0.2665620685","0.2665620685","0.8956737834","0.001344392578","MaxIterations","False"
"s3dkq4m2","A*1","1","1536","48","24","48","0.2601307194","0.5100301162","0.9454378501","0.0003497178084","MaxIterations","True"
"s3dkq4m2","A*1","1","1536","96","48","96","0.2830847886","0.7294224627","0.974050771","9.899979185E-05","MaxIterations","True"
"s3dkq4m2","A*1","1","1536","192","96","192","0.2396738411","0.8364742564","0.9852301984","2.372766038E-05","MaxIterations","True"
"s3dkq4m2","A*1","1","1536","384","192","384","0.132245111","0.8812238174","0.9895183497","3.137867081E-06","MaxIterations","True"
"s3dkq4m2","A*1","1","1536","768","384","768","0.3018504654","0.9632599313","0.9968855279","9.471666386E-07","MaxIterations","True"
"s3dkq4m2","A*1","1","1536","1536","768","1536","0.2564868899","0.9789638236","0.9982298528","2.429358254E-07","MaxIterations","True"
"s3dkq4m2","A*1","1","1536","3000","1464","3000","0.3530317878","0.9915019116","0.9992890526","8.576406875E-08","MaxIterations","True"
"x104","A*1","3","1536","12","12","12","0.01318762964","0.01318762964","0.6971837058","0.01318762964","MaxIterations","False"
"x104","A*1","3","1536","24","12","24","0.2888174295","0.2888174295","0.9016789891","0.003808817293","MaxIterations","False"
"x104","A*1","3","1536","48","24","48","0.2365329082","0.4863464898","0.9416990858","0.000900910631","MaxIterations","False"
"x104","A*1","3","1536","96","48","96","0.2943949614","0.7366014903","0.9748460795","0.0002652235504","MaxIterations","True"
"x104","A*1","3","1536","192","96","192","0.2245850851","0.8297029111","0.9845630913","5.956525365E-05","MaxIterations","True"
"x104","A*1","3","1536","384","192","384","0.2067536465","0.9061828186","0.9918240888","1.23153334E-05","MaxIterations","True"
"x104","A*1","3","1536","768","384","768","0.2664345199","0.9595104365","0.9965615844","3.281229941E-06","MaxIterations","True"
"x104","A*1","3","1536","1536","768","1536","0.1577224896","0.9715543215","0.9975980479","5.175237554E-07","MaxIterations","True"
"x104","A*1","3","1536","3000","1464","3000","0.02910079994","0.9714245096","0.9975869396","1.506035527E-08","MaxIterations","True"
"boneS01","A*1","3","1536","12","12","12","0.003880187562","0.003880187562","0.6296091921","0.003880187562","MaxIterations","False"
"boneS01","A*1","3","1536","24","12","24","0.1998061617","0.1998061617","0.8744146122","0.0007752853833","MaxIterations","False"
"boneS01","A*1","3","1536","48","24","48","0.07657227241","0.2767169536","0.8984687589","5.936536356E-05","MaxIterations","False"
"boneS01","A*1","3","1536","96","48","96","0.1408628396","0.6126311986","0.9599897422","8.362373685E-06","MaxIterations","True"
"boneS01","A*1","3","1536","192","96","192","0.1043615686","0.7539066511","0.9767343572","8.727104347E-07","MaxIterations","True"
"boneS01","A*1","3","1536","384","139","331","0.01121759627","0.6786502702","0.9682120919","9.789713317E-09","Converged","True"
"L-angle","file","3","1792","12","12","12","12.7925693","12.7925693","1.236649088","12.7925693","MaxIterations","True"
"L-angle","file","3","1792","24","12","24","0.4123057397","0.4123057397","0.9288272502","5.274449748","MaxIterations","False"
"L-angle","file","3","1792","48","24","48","1.09366821","1.045785929","1.003737692","5.768498013","MaxIterations","True"
"L-angle","file","3","1792","96","48","96","0.3463426374","0.7671432886","0.9781520606","1.997876816","MaxIterations","True"
"L-angle","file","3","1792","192","96","192","0.3774769041","0.8853424704","0.9899029265","0.7541523553","MaxIterations","True"
"L-angle","file","3","1792","384","192","384","0.02488361342","0.7938612257","0.9809466368","0.01876603567","MaxIterations","True"
"L-angle","file","3","1792","768","341","725","5.128015838E-07","0.6006883986","0.9584161068","9.623252815E-09","Converged","True"
